char,count,rel_freq
 ,60159,0.601590
e,19930,0.199300
i,5020,0.050200
a,4986,0.049860
r,3018,0.030180
o,2962,0.029620
s,1978,0.019780
t,1947,0.019470