char,count,rel_freq
i,3964,0.039640
z,3943,0.039430
t,3922,0.039220
j,3905,0.039050
a,3902,0.039020
e,3896,0.038960
w,3894,0.038940
m,3888,0.038880
c,3862,0.038620
k,3859,0.038590
v,3854,0.038540
n,3853,0.038530
r,3848,0.038480
d,3845,0.038450
x,3844,0.038440
y,3844,0.038440
l,3831,0.038310
q,3828,0.038280
b,3826,0.038260
s,3814,0.038140
f,3812,0.038120
p,3793,0.037930
u,3789,0.037890
o,3781,0.037810
g,3706,0.037060
h,3697,0.036970