char,count,rel_freq
a,29582,0.295820
b,13797,0.137970
c,8800,0.088000
d,6394,0.063940
e,5022,0.050220
f,4157,0.041570
g,3537,0.035370
h,2967,0.029670
i,2683,0.026830
j,2329,0.023290
k,2183,0.021830
l,1947,0.019470
m,1772,0.017720
n,1598,0.015980
o,1491,0.014910
p,1339,0.013390
r,1273,0.012730
q,1256,0.012560
s,1200,0.012000
t,1061,0.010610
u,1046,0.010460
v,1003,0.010030
w,986,0.009860
y,878,0.008780
x,860,0.008600
z,839,0.008390